Gene,#Var,ECSP,Chrom,Pos,GWAS_Var_P
RNU6-1199P,1,0.9428,1,693731,0.9428
FAM87B,16,0.90109217,1,752566,0.7723
FAM87B,16,0.90109217,1,754964,0.7767
FAM87B,16,0.90109217,1,752721,0.7878
FAM87B,16,0.90109217,1,754503,0.807
FAM87B,16,0.90109217,1,758626,0.8899
FAM87B,16,0.90109217,1,758144,0.9102
FAM87B,16,0.90109217,1,757936,0.9151
FAM87B,16,0.90109217,1,757734,0.9156
FAM87B,16,0.90109217,1,756604,0.916
