Gene,#Var,ECSP,Chrom,Pos,GWAS_Var_P
RNU6-1199P,1,0.9428,1,693731,0.9428
FAM87B,16,0.90109217,1,752566,0.7723
LINC01128,48,0.842458397,1,776546,0.3348
LINC00115,11,0.926980956,1,760912,0.7847
FAM41C,19,0.91792081,1,810286,0.3687
TUBB8P11,8,0.816456433,1,810286,0.3687
LINC02593,38,0.110157913,1,852133,0.01991
SAMD11,30,0.217041605,1,879676,0.0197
NOC2L,26,0.397219233,1,891021,0.0129
KLHL17,21,0.17778506,1,891021,0.0129
