Gene,Chrom,StartPos,EndPos,#Var,Group,ECSP,CondiECSP,GeneScore
PLCH2,1,2394074,2441392,112,0,1.05E-06,1.16E-04,2304.327881
PLEKHG5,1,6521170,6584657,147,0,1.27E-06,0.003892706,2036.35083
NOL9,1,6577765,6619354,115,0,2.75E-08,1,606.8980103
KLHL21,1,6645867,6679456,44,0,5.52E-07,0.040296863,581.3381958
DNAJC11,1,6689319,6766960,146,0,1.37E-06,0.395464903,638.5668945
