Gene,#Var,ECSP,Chrom,Pos,VarP
RNU6-1199P,1,0.9428,1,693731,0.9428
FAM87B,22,0.342697746,1,754105,0.1067
LINC01128,53,0.351123025,1,783071,0.04703
LINC00115,14,0.556109469,1,761881,0.1923
FAM41C,23,0.926282946,1,812670,0.3068
TUBB8P11,11,0.882103279,1,812670,0.3068
