Gene,#Var,ECSP,Chrom,Pos,GWAS_Var_P
OR4G4P,2,0.836453248,1,921071,0.5559
OR4G4P,2,0.836453248,1,705882,0.9933
LINC00115,45,0.553784408,1,1453921,0.04947
LINC00115,45,0.553784408,1,721290,0.1215
LINC00115,45,0.553784408,1,715265,0.1429
LINC00115,45,0.553784408,1,715367,0.1632
