Gene,#Var,ECSP,Chrom,Pos,VarP,
RNU6-1199P,1,0.9428,1,693731,0.9428,
FAM87B,22,0.342697746,1,754105,0.1067,
FAM87B,22,0.342697746,1,754629,0.1202,
FAM87B,22,0.342697746,1,754211,0.1236,
FAM87B,22,0.342697746,1,754063,0.1486,
FAM87B,22,0.342697746,1,752478,0.2151,
