Gene,#Var,ECSP,Chrom,Pos,GWAS_Var_P,eQTL_P,eQTL_Beta,eQTL_SE
LINC00115:ENST00000473798,38,0.6399446659796347,1,1453921,0.04947,0.00661,0.494,0.182
HES4:ENST00000484667,53,0.06254437207363488,1,1888193,0.007353,0.00874,0.424,0.162
ANKRD65:ENST00000537107,71,0.042331217566648344,1,1829424,7.524E-4,0.00428,-0.496,0.174
NADK:ENST00000378625,40,2.5509647239920406E-9,1,2373168,7.195E-12,0.00453,-0.389,0.137
LINC01770:ENST00000434150,66,1.0,1,1966453,0.02534,0.00388,0.765,0.265
DVL1:ENST00000378888,62,0.010190210501401314,1,1874581,1.972E-5,0.00667,0.499,0.184