Gene,Chrom,StartPos,EndPos,#Var,Group,ECSP,CondiECSP,GeneScore
ATAD3C,1,845635,2404321,68,0,1.64E-07,1.64E-07,0.739010096
MIB2,1,851204,2372321,48,0,1.39E-07,0.01368601,0.184869051
SLC35E2A,1,1103150,2368706,61,0,1.38E-06,9.02E-04,NaN
CALML6,1,1112982,2401364,53,0,4.18E-07,1.41E-05,0.357095003
RER1,1,1429996,3207780,21,0,1.81E-07,1,0.005418475
