Gene,#Var,ECSP,Chrom,Pos,GWAS_Var_P
OR4G4P,2,0.836453248,1,921071,0.5559
LINC00115,45,0.553784408,1,1453921,0.04947
CPTP,17,0.002951945,1,1838374,6.45E-04
ANKRD65,64,0.392843939,1,1293343,0.04382
LINC01770,81,0.030888201,1,2110848,0.005738
FAM87B,70,0.733937073,1,721290,0.1215
