Gene,#Var,ECSP,Chrom,Pos,GWAS_Var_P,eQTL_P,eQTL_Beta,eQTL_SE
LINC00115:ENST00000473798,38,0.6399446659796347,1,1453921,0.04947,0.00661,0.494,0.182
LINC00115:ENST00000473798,38,0.6399446659796347,1,721290,0.1215,0.00174,1.049,0.335
LINC00115:ENST00000473798,38,0.6399446659796347,1,715265,0.1429,0.00174,1.049,0.335
LINC00115:ENST00000473798,38,0.6399446659796347,1,715367,0.1632,0.00174,1.049,0.335
LINC00115:ENST00000473798,38,0.6399446659796347,1,726794,0.1814,0.00263,1.012,0.337
LINC00115:ENST00000473798,38,0.6399446659796347,1,1425816,0.3526,0.00138,0.84,0.262