Gene,Chrom,StartPos,EndPos,#Var,Group,ECSP,CondiECSP,GeneScore
NADK:ENST00000378625,1,715265,2505713,40,0,2.5509647239920406E-9,0.49001916558591097,0.4121204912662506
MIB2:ENST00000505820,1,715265,2554120,12,0,1.0281497357792791E-7,0.05404762888412341,0.24913454055786133
ATAD3C:ENST00000484537,1,797281,2403854,13,0,6.281932027672856E-7,1.0,0.7975806593894958
CFAP74:ENST00000412120,1,924368,2875906,65,0,1.385295185307669E-6,1.385295185307669E-6,0.817357063293457
PRKCZ-AS1:ENST00000333854,1,1130660,3011558,37,0,1.942873144890924E-8,2.584870685504903E-4,0.4307031035423279
MORN1:ENST00000606372,1,1346972,3319777,71,0,8.877373532310207E-7,0.04914216330168187,0.5989813208580017